Category,Estimated Count,Top Examples
SaaS & Software Directories,100,"G2, Capterra, SaaSHub, Blastra"
AI Tool Repositories,150,"There's An AI For That, Future Tools, Toolify AI"
Affiliate Program Directories,50,"Affiliate.Watch, APDB, Post Affiliate Pro"
Side Hustle & MMO Resource Sites,40,"Side Hustle Nation, Income Diary, SideHustleHero"
Finance & Investing Directories,30,"financeAds, Fintel Connect, Increv"
Crypto & Web3 Affiliate Networks,30,"OneCrypt, Vantage Affiliates, Eightcap"
Remote Work & Freelance Platforms,40,"FlexJobs, Upwork, Remote.co"
E-commerce & Dropshipping Resources,20,"SaleHoo, Worldwide Brands, Spocket"
Digital Marketing & SEO Directories,20,"Moz, Search Engine Land, HubSpot"
Niche Blog & Content Directories,20,"Medium, Substack, Beehiiv"
